trial,run_name,learning_rate,hidden_dim1,hidden_dim2,weight_decay,activation,best_val_accuracy,best_epoch,final_train_loss,final_val_loss,final_val_accuracy,checkpoint_path,history_path
1,full_run_fine_search_trial_001,0.015,256,128,0.0,relu,0.6409876543209877,15,0.751202837108935,1.0213100009788703,0.6409876543209877,/Users/football_prince/Desktop/2 研究生/1 课程文件/深度学习与空间智能/hw1/results/checkpoints/full_run_fine_search_trial_001_best.npz,/Users/football_prince/Desktop/2 研究生/1 课程文件/深度学习与空间智能/hw1/results/curves/full_run_fine_search_trial_001_history.json
2,full_run_fine_search_trial_002,0.015,256,128,1e-05,relu,0.6392592592592593,15,0.7562061511524183,1.0312540211588073,0.6392592592592593,/Users/football_prince/Desktop/2 研究生/1 课程文件/深度学习与空间智能/hw1/results/checkpoints/full_run_fine_search_trial_002_best.npz,/Users/football_prince/Desktop/2 研究生/1 课程文件/深度学习与空间智能/hw1/results/curves/full_run_fine_search_trial_002_history.json
3,full_run_fine_search_trial_003,0.015,256,128,0.0001,relu,0.6444444444444445,15,0.7914778160267175,1.0611407888859878,0.6444444444444445,/Users/football_prince/Desktop/2 研究生/1 课程文件/深度学习与空间智能/hw1/results/checkpoints/full_run_fine_search_trial_003_best.npz,/Users/football_prince/Desktop/2 研究生/1 课程文件/深度学习与空间智能/hw1/results/curves/full_run_fine_search_trial_003_history.json
4,full_run_fine_search_trial_004,0.015,512,256,0.0,relu,0.6612345679012346,15,0.6896162499069537,0.971454578799966,0.6612345679012346,/Users/football_prince/Desktop/2 研究生/1 课程文件/深度学习与空间智能/hw1/results/checkpoints/full_run_fine_search_trial_004_best.npz,/Users/football_prince/Desktop/2 研究生/1 课程文件/深度学习与空间智能/hw1/results/curves/full_run_fine_search_trial_004_history.json
5,full_run_fine_search_trial_005,0.015,512,256,1e-05,relu,0.6582716049382716,15,0.6976242492335406,0.9814725894592425,0.6582716049382716,/Users/football_prince/Desktop/2 研究生/1 课程文件/深度学习与空间智能/hw1/results/checkpoints/full_run_fine_search_trial_005_best.npz,/Users/football_prince/Desktop/2 研究生/1 课程文件/深度学习与空间智能/hw1/results/curves/full_run_fine_search_trial_005_history.json
6,full_run_fine_search_trial_006,0.015,512,256,0.0001,relu,0.6617283950617284,15,0.7689393013765045,1.052742406533089,0.6617283950617284,/Users/football_prince/Desktop/2 研究生/1 课程文件/深度学习与空间智能/hw1/results/checkpoints/full_run_fine_search_trial_006_best.npz,/Users/football_prince/Desktop/2 研究生/1 课程文件/深度学习与空间智能/hw1/results/curves/full_run_fine_search_trial_006_history.json
7,full_run_fine_search_trial_007,0.015,768,384,0.0,relu,0.6595061728395062,14,0.6533068970523814,0.9641232426372576,0.6582716049382716,/Users/football_prince/Desktop/2 研究生/1 课程文件/深度学习与空间智能/hw1/results/checkpoints/full_run_fine_search_trial_007_best.npz,/Users/football_prince/Desktop/2 研究生/1 课程文件/深度学习与空间智能/hw1/results/curves/full_run_fine_search_trial_007_history.json
8,full_run_fine_search_trial_008,0.015,768,384,1e-05,relu,0.6607407407407407,14,0.6644195475750473,0.9759244562621183,0.6607407407407407,/Users/football_prince/Desktop/2 研究生/1 课程文件/深度学习与空间智能/hw1/results/checkpoints/full_run_fine_search_trial_008_best.npz,/Users/football_prince/Desktop/2 研究生/1 课程文件/深度学习与空间智能/hw1/results/curves/full_run_fine_search_trial_008_history.json
9,full_run_fine_search_trial_009,0.015,768,384,0.0001,relu,0.6587654320987655,15,0.7715014565442809,1.082374960288295,0.6587654320987655,/Users/football_prince/Desktop/2 研究生/1 课程文件/深度学习与空间智能/hw1/results/checkpoints/full_run_fine_search_trial_009_best.npz,/Users/football_prince/Desktop/2 研究生/1 课程文件/深度学习与空间智能/hw1/results/curves/full_run_fine_search_trial_009_history.json
10,full_run_fine_search_trial_010,0.03,256,128,0.0,relu,0.6530864197530865,14,0.6403478800178205,1.009094161104273,0.6449382716049382,/Users/football_prince/Desktop/2 研究生/1 课程文件/深度学习与空间智能/hw1/results/checkpoints/full_run_fine_search_trial_010_best.npz,/Users/football_prince/Desktop/2 研究生/1 课程文件/深度学习与空间智能/hw1/results/curves/full_run_fine_search_trial_010_history.json
11,full_run_fine_search_trial_011,0.03,256,128,1e-05,relu,0.6545679012345679,14,0.6419593826641284,1.0084657338472067,0.6471604938271605,/Users/football_prince/Desktop/2 研究生/1 课程文件/深度学习与空间智能/hw1/results/checkpoints/full_run_fine_search_trial_011_best.npz,/Users/football_prince/Desktop/2 研究生/1 课程文件/深度学习与空间智能/hw1/results/curves/full_run_fine_search_trial_011_history.json
12,full_run_fine_search_trial_012,0.03,256,128,0.0001,relu,0.6424691358024691,15,0.6798895139975976,1.0640330617210019,0.6424691358024691,/Users/football_prince/Desktop/2 研究生/1 课程文件/深度学习与空间智能/hw1/results/checkpoints/full_run_fine_search_trial_012_best.npz,/Users/football_prince/Desktop/2 研究生/1 课程文件/深度学习与空间智能/hw1/results/curves/full_run_fine_search_trial_012_history.json
13,full_run_fine_search_trial_013,0.03,512,256,0.0,relu,0.6661728395061728,15,0.5508153163945233,0.9426883930041466,0.6661728395061728,/Users/football_prince/Desktop/2 研究生/1 课程文件/深度学习与空间智能/hw1/results/checkpoints/full_run_fine_search_trial_013_best.npz,/Users/football_prince/Desktop/2 研究生/1 课程文件/深度学习与空间智能/hw1/results/curves/full_run_fine_search_trial_013_history.json
14,full_run_fine_search_trial_014,0.03,512,256,1e-05,relu,0.6632098765432098,15,0.5605292924721528,0.952161070132314,0.6632098765432098,/Users/football_prince/Desktop/2 研究生/1 课程文件/深度学习与空间智能/hw1/results/checkpoints/full_run_fine_search_trial_014_best.npz,/Users/football_prince/Desktop/2 研究生/1 课程文件/深度学习与空间智能/hw1/results/curves/full_run_fine_search_trial_014_history.json
15,full_run_fine_search_trial_015,0.03,512,256,0.0001,relu,0.6671604938271605,15,0.633954735045196,1.0288168152349975,0.6671604938271605,/Users/football_prince/Desktop/2 研究生/1 课程文件/深度学习与空间智能/hw1/results/checkpoints/full_run_fine_search_trial_015_best.npz,/Users/football_prince/Desktop/2 研究生/1 课程文件/深度学习与空间智能/hw1/results/curves/full_run_fine_search_trial_015_history.json
16,full_run_fine_search_trial_016,0.03,768,384,0.0,relu,0.6708641975308642,15,0.5126036287363244,0.9577237974861522,0.6708641975308642,/Users/football_prince/Desktop/2 研究生/1 课程文件/深度学习与空间智能/hw1/results/checkpoints/full_run_fine_search_trial_016_best.npz,/Users/football_prince/Desktop/2 研究生/1 课程文件/深度学习与空间智能/hw1/results/curves/full_run_fine_search_trial_016_history.json
17,full_run_fine_search_trial_017,0.03,768,384,1e-05,relu,0.6706172839506173,15,0.5205972547743396,0.9586183865445922,0.6706172839506173,/Users/football_prince/Desktop/2 研究生/1 课程文件/深度学习与空间智能/hw1/results/checkpoints/full_run_fine_search_trial_017_best.npz,/Users/football_prince/Desktop/2 研究生/1 课程文件/深度学习与空间智能/hw1/results/curves/full_run_fine_search_trial_017_history.json
18,full_run_fine_search_trial_018,0.03,768,384,0.0001,relu,0.668641975308642,15,0.6272971555523946,1.0722088892312691,0.668641975308642,/Users/football_prince/Desktop/2 研究生/1 课程文件/深度学习与空间智能/hw1/results/checkpoints/full_run_fine_search_trial_018_best.npz,/Users/football_prince/Desktop/2 研究生/1 课程文件/深度学习与空间智能/hw1/results/curves/full_run_fine_search_trial_018_history.json
19,full_run_fine_search_trial_019,0.06,256,128,0.0,relu,0.6488888888888888,14,0.6303055062748137,1.052104419072469,0.642962962962963,/Users/football_prince/Desktop/2 研究生/1 课程文件/深度学习与空间智能/hw1/results/checkpoints/full_run_fine_search_trial_019_best.npz,/Users/football_prince/Desktop/2 研究生/1 课程文件/深度学习与空间智能/hw1/results/curves/full_run_fine_search_trial_019_history.json
20,full_run_fine_search_trial_020,0.06,256,128,1e-05,relu,0.6476543209876543,13,0.6345645124226247,1.060056266832234,0.6434567901234568,/Users/football_prince/Desktop/2 研究生/1 课程文件/深度学习与空间智能/hw1/results/checkpoints/full_run_fine_search_trial_020_best.npz,/Users/football_prince/Desktop/2 研究生/1 课程文件/深度学习与空间智能/hw1/results/curves/full_run_fine_search_trial_020_history.json
21,full_run_fine_search_trial_021,0.06,256,128,0.0001,relu,0.6451851851851852,14,0.6617639942289889,1.0691445086867726,0.6446913580246914,/Users/football_prince/Desktop/2 研究生/1 课程文件/深度学习与空间智能/hw1/results/checkpoints/full_run_fine_search_trial_021_best.npz,/Users/football_prince/Desktop/2 研究生/1 课程文件/深度学习与空间智能/hw1/results/curves/full_run_fine_search_trial_021_history.json
22,full_run_fine_search_trial_022,0.06,512,256,0.0,relu,0.662716049382716,13,0.4960013112630794,1.0053069198867421,0.6609876543209876,/Users/football_prince/Desktop/2 研究生/1 课程文件/深度学习与空间智能/hw1/results/checkpoints/full_run_fine_search_trial_022_best.npz,/Users/football_prince/Desktop/2 研究生/1 课程文件/深度学习与空间智能/hw1/results/curves/full_run_fine_search_trial_022_history.json
23,full_run_fine_search_trial_023,0.06,512,256,1e-05,relu,0.6641975308641975,15,0.49370764935747397,1.020924950445198,0.6641975308641975,/Users/football_prince/Desktop/2 研究生/1 课程文件/深度学习与空间智能/hw1/results/checkpoints/full_run_fine_search_trial_023_best.npz,/Users/football_prince/Desktop/2 研究生/1 课程文件/深度学习与空间智能/hw1/results/curves/full_run_fine_search_trial_023_history.json
24,full_run_fine_search_trial_024,0.06,512,256,0.0001,relu,0.6688888888888889,15,0.5842689699928042,1.0839525398277945,0.6688888888888889,/Users/football_prince/Desktop/2 研究生/1 课程文件/深度学习与空间智能/hw1/results/checkpoints/full_run_fine_search_trial_024_best.npz,/Users/football_prince/Desktop/2 研究生/1 课程文件/深度学习与空间智能/hw1/results/curves/full_run_fine_search_trial_024_history.json
25,full_run_fine_search_trial_025,0.06,768,384,0.0,relu,0.6679012345679012,15,0.43175869321066235,1.0043765613767837,0.6679012345679012,/Users/football_prince/Desktop/2 研究生/1 课程文件/深度学习与空间智能/hw1/results/checkpoints/full_run_fine_search_trial_025_best.npz,/Users/football_prince/Desktop/2 研究生/1 课程文件/深度学习与空间智能/hw1/results/curves/full_run_fine_search_trial_025_history.json
26,full_run_fine_search_trial_026,0.06,768,384,1e-05,relu,0.6711111111111111,15,0.44497072168018204,1.0069666778677475,0.6711111111111111,/Users/football_prince/Desktop/2 研究生/1 课程文件/深度学习与空间智能/hw1/results/checkpoints/full_run_fine_search_trial_026_best.npz,/Users/football_prince/Desktop/2 研究生/1 课程文件/深度学习与空间智能/hw1/results/curves/full_run_fine_search_trial_026_history.json
27,full_run_fine_search_trial_027,0.06,768,384,0.0001,relu,0.6649382716049382,15,0.5533193116015683,1.1362856572374878,0.6649382716049382,/Users/football_prince/Desktop/2 研究生/1 课程文件/深度学习与空间智能/hw1/results/checkpoints/full_run_fine_search_trial_027_best.npz,/Users/football_prince/Desktop/2 研究生/1 课程文件/深度学习与空间智能/hw1/results/curves/full_run_fine_search_trial_027_history.json
